id,name,addr:street,addr:city,phone,website,latitude,longitude,source_place,precise_location,hostel_source,verified,gender,monthly_price,room_type,wifi,food,laundry,parking,attached_bathroom,hot_water,study_room,power_backup,cctv,curfew,rating,review_count,description
1,Subekchya Hostel,,,,,27.6875866,85.333969,"Kathmandu, Nepal","Buddhnagar, Kathmandu",Real,Yes,,12000,Single,Yes,Yes,Yes,No,No,Yes,Yes,Yes,Yes,No,3.6,24,"Comfortable student hostel with WiFi, food and study environment."
2,Sunrise Boys Hostel,,,,,27.7023989,85.3230965,"Kathmandu, Nepal","Kalikasthan, Kathmandu",Real,Yes,,12500,Shared,Yes,Yes,Yes,Yes,No,Yes,Yes,No,Yes,No,4.2,15,"Comfortable student hostel with WiFi, food and study environment."
3,Swastika girls hostel,,,,,27.7021804,85.3243281,"Kathmandu, Nepal","Kalikasthan, Kathmandu",Real,Yes,,14000,Single,Yes,Yes,Yes,Yes,Yes,Yes,Yes,Yes,Yes,No,4.1,22,"Comfortable student hostel with WiFi, food and study environment."
4,Subha laxmi hostel pvt ltd,,,,,27.7018275,85.3247577,"Kathmandu, Nepal","Kalikasthan, Kathmandu",Real,Yes,,11000,Double,Yes,Yes,Yes,No,No,Yes,Yes,No,Yes,No,4.2,10,"Comfortable student hostel with WiFi, food and study environment."
5,Valley boys hostel,,,,,27.7024809,85.3249056,"Kathmandu, Nepal","Kalikasthan, Kathmandu",Real,Yes,,11500,Shared,Yes,Yes,Yes,No,No,Yes,Yes,No,Yes,Yes,3.6,28,"Comfortable student hostel with WiFi, food and study environment."
6,Happy Girls and Boys Hostel,,,,,27.7015087,85.3230729,"Kathmandu, Nepal","Kalikasthan, Kathmandu",Real,Yes,,11000,Single,Yes,Yes,Yes,No,No,Yes,Yes,Yes,Yes,Yes,3.9,21,"Comfortable student hostel with WiFi, food and study environment."
7,,,,,,27.735033,85.3300975,"Kathmandu, Nepal","Panipokhari, Kathmandu",Real,Yes,,10500,Single,Yes,Yes,Yes,Yes,No,Yes,Yes,Yes,Yes,No,3.9,10,"Comfortable student hostel with WiFi, food and study environment."
8,Desire Boys Hostel,,,,,27.6826542,85.3436206,"Kathmandu, Nepal","Koteshwar, Kathmandu",Real,Yes,,8500,Double,Yes,Yes,Yes,No,No,Yes,Yes,Yes,Yes,Yes,4.4,28,"Comfortable student hostel with WiFi, food and study environment."
9,Om Shanti Boys Hostel,,,,,27.6820567,85.3434662,"Kathmandu, Nepal","Koteshwar, Kathmandu",Real,Yes,,10000,Double,Yes,Yes,Yes,Yes,No,Yes,Yes,Yes,Yes,Yes,4.4,15,"Comfortable student hostel with WiFi, food and study environment."
10,Surakchya Girls Hostel,,,,,27.6827679,85.3436602,"Kathmandu, Nepal","Koteshwar, Kathmandu",Real,Yes,,12000,Double,Yes,Yes,Yes,Yes,Yes,Yes,Yes,No,Yes,No,3.8,8,"Comfortable student hostel with WiFi, food and study environment."
11,Maa's Boys Hostel,,,,,27.6823916,85.3360187,"Kathmandu, Nepal","Baneshwar, Kathmandu",Real,Yes,,8500,Shared,Yes,Yes,Yes,No,Yes,Yes,Yes,No,Yes,Yes,3.7,30,"Comfortable student hostel with WiFi, food and study environment."
12,Smarika Girls Hostel,,,,,27.6834129,85.3343727,"Kathmandu, Nepal","Baneshwar, Kathmandu",Real,Yes,,15500,Shared,Yes,Yes,Yes,No,Yes,Yes,Yes,No,Yes,Yes,4.0,24,"Comfortable student hostel with WiFi, food and study environment."
13,Siddharth Boys Hostel,,,,,27.6911084,85.3306021,"Kathmandu, Nepal","Buddhnagar, Kathmandu",Real,Yes,,9500,Double,Yes,Yes,Yes,Yes,No,Yes,Yes,Yes,Yes,Yes,4.9,19,"Comfortable student hostel with WiFi, food and study environment."
14,Everest Girls Hostel,,,,,27.6909151,85.3292006,"Kathmandu, Nepal","Buddhnagar, Kathmandu",Real,Yes,,10000,Shared,Yes,Yes,Yes,Yes,Yes,Yes,Yes,Yes,Yes,Yes,4.0,32,"Comfortable student hostel with WiFi, food and study environment."
15,Paradise Girls Hostel,,,,,27.6941737,85.3338319,"Kathmandu, Nepal","Kathmandu-10, Kathmandu",Real,Yes,,10000,Single,Yes,Yes,Yes,No,No,Yes,Yes,No,Yes,No,4.4,10,"Comfortable student hostel with WiFi, food and study environment."
16,Unique Girls Hostel,,,,,27.7188548,85.3256329,"Kathmandu, Nepal","Nil Sarsaswati, Kathmandu",Real,Yes,,14500,Double,Yes,Yes,Yes,No,No,Yes,Yes,No,Yes,No,4.7,11,"Comfortable student hostel with WiFi, food and study environment."
17,Kantipur Girls Hostel,,,,,27.6911916,85.3411924,"Kathmandu, Nepal","Baneshwar, Kathmandu",Real,Yes,,11000,Shared,Yes,Yes,Yes,No,Yes,Yes,Yes,Yes,Yes,No,4.0,5,"Comfortable student hostel with WiFi, food and study environment."
18,Safal Boys Hostel,,,,,27.7028306,85.3247662,"Kathmandu, Nepal","Kalikasthan, Kathmandu",Real,Yes,,16000,Shared,Yes,Yes,Yes,Yes,Yes,Yes,Yes,Yes,Yes,No,4.0,18,"Comfortable student hostel with WiFi, food and study environment."
19,Zenith Girls Hostel,,,,,27.7028364,85.3244484,"Kathmandu, Nepal","Kalikasthan, Kathmandu",Real,Yes,,15000,Double,Yes,Yes,Yes,No,No,Yes,Yes,No,Yes,Yes,4.7,35,"Comfortable student hostel with WiFi, food and study environment."
20,Kanya Girls Hostel,,,,,27.6945778,85.3376328,"Kathmandu, Nepal","Baneshwar, Kathmandu",Real,Yes,,16500,Double,Yes,Yes,Yes,No,Yes,Yes,Yes,No,Yes,Yes,4.8,9,"Comfortable student hostel with WiFi, food and study environment."
21,Radhe Krishna Boys Hostel,,,,,27.7100441,85.3376149,"Kathmandu, Nepal","Chabahil, Kathmandu",Real,Yes,,11500,Shared,Yes,Yes,Yes,Yes,Yes,Yes,Yes,No,Yes,No,5.0,13,"Comfortable student hostel with WiFi, food and study environment."
22,Logo Girls Hostel,,,,,27.7082711,85.3377956,"Kathmandu, Nepal","Chabahil, Kathmandu",Real,Yes,,8500,Shared,Yes,Yes,Yes,Yes,No,Yes,Yes,No,Yes,No,3.7,19,"Comfortable student hostel with WiFi, food and study environment."
23,hostel,Sukubahal Galli,,+9779841787132,http://www.famoushousektm.com,27.7217794,85.3140337,"Kathmandu, Nepal","Lainchaur, Kathmandu",Real,Yes,,10000,Double,Yes,Yes,Yes,No,No,Yes,Yes,No,Yes,Yes,4.0,38,"Comfortable student hostel with WiFi, food and study environment."
24,Hotel Mirchi,,,,,27.7094241,85.3164452,"Kathmandu, Nepal","Kathmandu-01, Kathmandu",Real,Yes,,11500,Shared,Yes,Yes,Yes,Yes,Yes,Yes,Yes,Yes,Yes,No,4.9,33,"Comfortable student hostel with WiFi, food and study environment."
25,Lotus Girls Hostel,,,,,27.7006235,85.3286254,"Kathmandu, Nepal","Ghattekulo, Kathmandu",Real,Yes,,10500,Single,Yes,Yes,Yes,Yes,No,Yes,Yes,Yes,Yes,Yes,3.8,5,"Comfortable student hostel with WiFi, food and study environment."
26,Secret Garden Guesthouse,,,,,27.7152203,85.306707,"Kathmandu, Nepal","Kathmandu-17, Kathmandu",Real,Yes,,12500,Shared,Yes,Yes,Yes,Yes,Yes,Yes,Yes,No,Yes,Yes,4.0,5,"Comfortable student hostel with WiFi, food and study environment."
27,Kamakshi Girls Hostel,Kalki Pushpa Marga,,9849091822,,27.6954402,85.3418733,"Kathmandu, Nepal","Baneshwar, Kathmandu",Real,Yes,,9500,Single,Yes,Yes,Yes,No,Yes,Yes,Yes,No,Yes,Yes,4.9,26,"Comfortable student hostel with WiFi, food and study environment."
28,Dormitory Nepal,Gitanjali marg,,+977-01-5161089,https://www.dormnepal.com/,27.7324951,85.3387416,"Kathmandu, Nepal","Chundevi, Kathmandu",Real,Yes,,11500,Single,Yes,Yes,Yes,No,No,Yes,Yes,Yes,Yes,No,5.0,12,"Comfortable student hostel with WiFi, food and study environment."
29,kasthamandap  travellers  home ,Kaldhara Marg,,+9779813518975,,27.716799,85.3074375,"Kathmandu, Nepal","Nayabazar, Kathmandu",Real,Yes,,7000,Shared,Yes,Yes,Yes,No,No,Yes,Yes,Yes,Yes,Yes,3.9,32,"Comfortable student hostel with WiFi, food and study environment."
30,Durga girls hostel,,,,,27.6878809,85.3313697,"Kathmandu, Nepal","Buddhnagar, Kathmandu",Real,Yes,,15500,Shared,Yes,Yes,Yes,No,Yes,Yes,Yes,No,Yes,Yes,4.5,13,"Comfortable student hostel with WiFi, food and study environment."
31,Andes House,,,,,27.7167237,85.3125162,"Kathmandu, Nepal","Thamel, Kathmandu",Real,Yes,,9000,Double,Yes,Yes,Yes,No,No,Yes,Yes,Yes,Yes,Yes,4.2,35,"Comfortable student hostel with WiFi, food and study environment."
32,The Happily Ever After Hostel,Thamel Road,Thamel,,,27.7166942,85.3123003,"Kathmandu, Nepal","Thamel, Kathmandu",Real,Yes,,11000,Single,Yes,Yes,Yes,No,Yes,Yes,Yes,Yes,Yes,Yes,4.4,9,"Comfortable student hostel with WiFi, food and study environment."
33,Dibyadurga boy's hostel,,,,,27.704602,85.3309887,"Kathmandu, Nepal","Maitidevi, Kathmandu",Real,Yes,,7500,Shared,Yes,Yes,Yes,Yes,No,Yes,Yes,No,Yes,Yes,3.9,19,"Comfortable student hostel with WiFi, food and study environment."
34,Nova Boys Hostel,,,,,27.6845236,85.335204,"Kathmandu, Nepal","Baneshwar, Kathmandu",Real,Yes,,7500,Single,Yes,Yes,Yes,Yes,No,Yes,Yes,No,Yes,Yes,4.1,29,"Comfortable student hostel with WiFi, food and study environment."
35,Alobar1000,,,,,27.7156191,85.314336,"Kathmandu, Nepal","Thamel, Kathmandu",Real,Yes,,15500,Double,Yes,Yes,Yes,Yes,Yes,Yes,Yes,No,Yes,No,4.7,10,"Comfortable student hostel with WiFi, food and study environment."
36,Peaceful girlls hostel,Rudra Mati Marga,Kathmandu,,,27.6996632,85.3314711,"Kathmandu, Nepal","Sano Gaucharan, Kathmandu",Real,Yes,,11500,Single,Yes,Yes,Yes,No,No,Yes,Yes,No,Yes,Yes,4.1,11,"Comfortable student hostel with WiFi, food and study environment."
37,Yakety Yak Hostel,Jyatha Street,,+97714266126,https://www.yaketyyakhostel.com/,27.7133876,85.31238,"Kathmandu, Nepal","Kathmandu-26, Kathmandu",Real,Yes,,9000,Shared,Yes,Yes,Yes,No,Yes,Yes,Yes,Yes,Yes,Yes,3.7,11,"Comfortable student hostel with WiFi, food and study environment."
38,Yeti Hostel,,,,,27.7147676,85.3115462,"Kathmandu, Nepal","Thamel, Kathmandu",Real,Yes,,17000,Shared,Yes,Yes,Yes,Yes,No,Yes,Yes,Yes,Yes,Yes,4.3,25,"Comfortable student hostel with WiFi, food and study environment."
39,Rambler hostel,,,,,27.7122545,85.3087259,"Kathmandu, Nepal","Kathmandu-17, Kathmandu",Real,Yes,,14500,Single,Yes,Yes,Yes,No,Yes,Yes,Yes,No,Yes,No,4.4,28,"Comfortable student hostel with WiFi, food and study environment."
40,Fat Farm Hostel & Kitchen,Jyatha Street,,+9779860180990,,27.7106369,85.3130796,"Kathmandu, Nepal","Kamalakshi, Kathmandu",Real,Yes,,8500,Double,Yes,Yes,Yes,No,Yes,Yes,Yes,Yes,Yes,No,4.3,24,"Comfortable student hostel with WiFi, food and study environment."
41,Kamakshi Girl's Hostel,,,,,27.6931566,85.3442189,"Kathmandu, Nepal","Baneshwar, Kathmandu",Real,Yes,,7000,Single,Yes,Yes,Yes,No,No,Yes,Yes,No,Yes,Yes,4.5,13,"Comfortable student hostel with WiFi, food and study environment."
42,Kabeli Girls Hostel,,,,,27.7019365,85.3371432,"Kathmandu, Nepal","Kathmandu-10, Kathmandu",Real,Yes,,16000,Shared,Yes,Yes,Yes,No,Yes,Yes,Yes,No,Yes,Yes,4.3,29,"Comfortable student hostel with WiFi, food and study environment."
43,Kathmandu Youth Hostel,,,,,27.7214452,85.3136846,"Kathmandu, Nepal","Lainchaur, Kathmandu",Real,Yes,,11500,Double,Yes,Yes,Yes,No,No,Yes,Yes,No,Yes,Yes,4.9,13,"Comfortable student hostel with WiFi, food and study environment."
44,K Hostel,,,,,27.7159784,85.3129389,"Kathmandu, Nepal","Thamel, Kathmandu",Real,Yes,,14500,Single,Yes,Yes,Yes,Yes,Yes,Yes,Yes,No,Yes,Yes,4.2,14,"Comfortable student hostel with WiFi, food and study environment."
45,Rosemary Hostel,Tahiti,,+9779841959517,https://www.rosemaryhostels.com/,27.7107743,85.3110553,"Kathmandu, Nepal","Kathmandu-26, Kathmandu",Real,Yes,,14500,Single,Yes,Yes,Yes,No,Yes,Yes,Yes,Yes,Yes,No,4.6,9,"Comfortable student hostel with WiFi, food and study environment."
46,8848 Hostel,,,,,27.7106834,85.3110574,"Kathmandu, Nepal","Kathmandu-26, Kathmandu",Real,Yes,,14000,Double,Yes,Yes,Yes,No,Yes,Yes,Yes,No,Yes,Yes,4.2,38,"Comfortable student hostel with WiFi, food and study environment."
47,Kastamandap Boys Hostel,,,,,27.6846361,85.3297095,"Kathmandu, Nepal","Buddhnagar, Kathmandu",Real,Yes,,12000,Single,Yes,Yes,Yes,No,No,Yes,Yes,Yes,Yes,No,3.9,5,"Comfortable student hostel with WiFi, food and study environment."
48,Om Kathmandu Boys Hostel,,,980-7077799,,27.6828455,85.3367689,"Kathmandu, Nepal","Baneshwar, Kathmandu",Real,Yes,,9500,Double,Yes,Yes,Yes,No,No,Yes,Yes,Yes,Yes,No,4.5,15,"Comfortable student hostel with WiFi, food and study environment."
49,Ujwalo Sikshya Girls Hostel,,,,,27.7165827,85.3489471,"Kathmandu, Nepal","Chabahil, Kathmandu",Real,Yes,,7500,Double,Yes,Yes,Yes,No,Yes,Yes,Yes,No,Yes,Yes,4.7,33,"Comfortable student hostel with WiFi, food and study environment."
50,Aruna Girls Hostel,,,,,27.7017602,85.3218581,"Kathmandu, Nepal","Baghbazar, Kathmandu",Real,Yes,,11000,Double,Yes,Yes,Yes,Yes,No,Yes,Yes,No,Yes,No,4.7,27,"Comfortable student hostel with WiFi, food and study environment."
51,Nepal Boys Hostel,,,014111533,,27.6834092,85.3444008,"Kathmandu, Nepal","Koteshwar, Kathmandu",Real,Yes,,14500,Double,Yes,Yes,Yes,No,No,Yes,Yes,Yes,Yes,Yes,4.1,18,"Comfortable student hostel with WiFi, food and study environment."
52,Memorial Girls Hostel,,Kathmandu,,,27.6961191,85.329452,"Kathmandu, Nepal","Kathmandu-10, Kathmandu",Real,Yes,,8500,Single,Yes,Yes,Yes,Yes,Yes,Yes,Yes,No,Yes,Yes,4.2,14,"Comfortable student hostel with WiFi, food and study environment."
53,Hamro Niwas Boys Hostel,,,015104514,,27.6827828,85.3424724,"Kathmandu, Nepal","Koteshwar, Kathmandu",Real,Yes,,8000,Single,Yes,Yes,Yes,Yes,Yes,Yes,Yes,No,Yes,No,4.5,31,"Comfortable student hostel with WiFi, food and study environment."
54,Dreams Boys Hostel,,,,,27.6818969,85.3403464,"Kathmandu, Nepal","Koteshwar, Kathmandu",Real,Yes,,13000,Shared,Yes,Yes,Yes,Yes,Yes,Yes,Yes,No,Yes,No,3.9,33,"Comfortable student hostel with WiFi, food and study environment."
55,Study Boys Hostel,,,,,27.6752791,85.3396525,"Kathmandu, Nepal","Koteshwar, Kathmandu",Real,Yes,,14500,Double,Yes,Yes,Yes,Yes,No,Yes,Yes,Yes,Yes,No,4.5,18,"Comfortable student hostel with WiFi, food and study environment."
56,Global Boys Hostel,,,,,27.6837233,85.3434637,"Kathmandu, Nepal","Koteshwar, Kathmandu",Real,Yes,,8000,Shared,Yes,Yes,Yes,No,Yes,Yes,Yes,Yes,Yes,Yes,4.6,10,"Comfortable student hostel with WiFi, food and study environment."
57,Triton Girls Hostel,,,,,27.6828002,85.3438558,"Kathmandu, Nepal","Koteshwar, Kathmandu",Real,Yes,,16000,Shared,Yes,Yes,Yes,Yes,Yes,Yes,Yes,Yes,Yes,Yes,4.7,11,"Comfortable student hostel with WiFi, food and study environment."
58,Om Girls Hostel,,,,,27.6842699,85.3440833,"Kathmandu, Nepal","Koteshwar, Kathmandu",Real,Yes,,17000,Single,Yes,Yes,Yes,No,No,Yes,Yes,No,Yes,No,3.6,13,"Comfortable student hostel with WiFi, food and study environment."
59,Maa Durga Girls Hostel,,,,,27.6841484,85.3447888,"Kathmandu, Nepal","Koteshwar, Kathmandu",Real,Yes,,17500,Single,Yes,Yes,Yes,Yes,Yes,Yes,Yes,No,Yes,No,5.0,12,"Comfortable student hostel with WiFi, food and study environment."
60,Manya Girls Hostel,,,,,27.6849848,85.3445219,"Kathmandu, Nepal","Koteshwar, Kathmandu",Real,Yes,,7500,Single,Yes,Yes,Yes,Yes,No,Yes,Yes,No,Yes,Yes,4.2,29,"Comfortable student hostel with WiFi, food and study environment."
61,Aadhya Girls Hostel,,,,,27.6850877,85.3445308,"Kathmandu, Nepal","Koteshwar, Kathmandu",Real,Yes,,9000,Single,Yes,Yes,Yes,No,Yes,Yes,Yes,No,Yes,No,4.1,27,"Comfortable student hostel with WiFi, food and study environment."
62,Sajha Boys Hostel,,,,,27.683332,85.3485731,"Kathmandu, Nepal","Koteshwar, Kathmandu",Real,Yes,,9000,Shared,Yes,Yes,Yes,Yes,No,Yes,Yes,Yes,Yes,No,4.3,32,"Comfortable student hostel with WiFi, food and study environment."
63,Om Mahalaxmi Boys Hostel,,,,,27.6853475,85.346078,"Kathmandu, Nepal","Koteshwar, Kathmandu",Real,Yes,,16000,Double,Yes,Yes,Yes,No,Yes,Yes,Yes,Yes,Yes,No,4.9,25,"Comfortable student hostel with WiFi, food and study environment."
64,Gravity Boys Hostel,,,,,27.6850417,85.3465679,"Kathmandu, Nepal","Koteshwar, Kathmandu",Real,Yes,,11500,Shared,Yes,Yes,Yes,No,Yes,Yes,Yes,No,Yes,No,4.5,13,"Comfortable student hostel with WiFi, food and study environment."
65,Miracle Boys Hostel,,,,,27.6848992,85.346811,"Kathmandu, Nepal","Koteshwar, Kathmandu",Real,Yes,,8000,Shared,Yes,Yes,Yes,No,Yes,Yes,Yes,Yes,Yes,No,4.3,20,"Comfortable student hostel with WiFi, food and study environment."
66,Shree Laxmi Girls Hostel,,,,,27.6845296,85.3456197,"Kathmandu, Nepal","Koteshwar, Kathmandu",Real,Yes,,10500,Single,Yes,Yes,Yes,Yes,No,Yes,Yes,Yes,Yes,Yes,4.7,22,"Comfortable student hostel with WiFi, food and study environment."
67,Subhida Girls Hostel,,,0141111578,,27.6850739,85.3454484,"Kathmandu, Nepal","Koteshwar, Kathmandu",Real,Yes,,8500,Double,Yes,Yes,Yes,No,No,Yes,Yes,Yes,Yes,No,4.0,10,"Comfortable student hostel with WiFi, food and study environment."
68,Sanima Girls Hostel,,,,,27.6743045,85.3418041,"Kathmandu, Nepal","Koteshwar, Kathmandu",Real,Yes,,15500,Shared,Yes,Yes,Yes,No,Yes,Yes,Yes,Yes,Yes,No,4.8,20,"Comfortable student hostel with WiFi, food and study environment."
69,Maa Pathivara Boys Hostel,,,,,27.6757376,85.3439978,"Kathmandu, Nepal","Koteshwar, Kathmandu",Real,Yes,,13500,Single,Yes,Yes,Yes,No,Yes,Yes,Yes,No,Yes,Yes,4.3,40,"Comfortable student hostel with WiFi, food and study environment."
70,Sanjivani Boys Hostel,,,014601152,,27.6781699,85.3417031,"Kathmandu, Nepal","Koteshwar, Kathmandu",Real,Yes,,16500,Single,Yes,Yes,Yes,Yes,No,Yes,Yes,No,Yes,No,4.5,23,"Comfortable student hostel with WiFi, food and study environment."
71,Ananda Bhumi Hostel,,,,,27.6804211,85.3454149,"Kathmandu, Nepal","Koteshwar, Kathmandu",Real,Yes,,16500,Double,Yes,Yes,Yes,Yes,Yes,Yes,Yes,No,Yes,Yes,3.6,6,"Comfortable student hostel with WiFi, food and study environment."
72,Aaha Boys Hostel,,,,,27.6809087,85.3399586,"Kathmandu, Nepal","Koteshwar, Kathmandu",Real,Yes,,16500,Shared,Yes,Yes,Yes,Yes,Yes,Yes,Yes,Yes,Yes,Yes,4.7,24,"Comfortable student hostel with WiFi, food and study environment."
73,Sarlahi Boys Hostel,,,015908202,,27.6815789,85.3405492,"Kathmandu, Nepal","Koteshwar, Kathmandu",Real,Yes,,10500,Double,Yes,Yes,Yes,No,Yes,Yes,Yes,Yes,Yes,No,4.5,18,"Comfortable student hostel with WiFi, food and study environment."
74,Adriz Boys Home,,,,,27.6816664,85.3418485,"Kathmandu, Nepal","Koteshwar, Kathmandu",Real,Yes,,15000,Double,Yes,Yes,Yes,Yes,No,Yes,Yes,No,Yes,Yes,4.0,38,"Comfortable student hostel with WiFi, food and study environment."
75,Apuls Boys Hostel,,,,,27.6814032,85.3449915,"Kathmandu, Nepal","Koteshwar, Kathmandu",Real,Yes,,13000,Double,Yes,Yes,Yes,Yes,No,Yes,Yes,No,Yes,No,4.5,37,"Comfortable student hostel with WiFi, food and study environment."
76,Arigato Boys Hostel,,,,,27.6808082,85.345156,"Kathmandu, Nepal","Koteshwar, Kathmandu",Real,Yes,,14000,Shared,Yes,Yes,Yes,No,Yes,Yes,Yes,Yes,Yes,Yes,3.6,17,"Comfortable student hostel with WiFi, food and study environment."
77,Paris Boys Hotel,,,,,27.6817485,85.3464158,"Kathmandu, Nepal","Koteshwar, Kathmandu",Real,Yes,,14000,Single,Yes,Yes,Yes,No,No,Yes,Yes,No,Yes,No,5.0,30,"Comfortable student hostel with WiFi, food and study environment."
78,The Nayak Boys Hostel,,,,,27.6798118,85.3468913,"Kathmandu, Nepal","Koteshwar, Kathmandu",Real,Yes,,11500,Double,Yes,Yes,Yes,Yes,Yes,Yes,Yes,No,Yes,No,4.5,23,"Comfortable student hostel with WiFi, food and study environment."
79,Boys Hostel,,,,,27.6802724,85.3486136,"Kathmandu, Nepal","Koteshwar, Kathmandu",Real,Yes,,16000,Double,Yes,Yes,Yes,No,No,Yes,Yes,No,Yes,Yes,4.1,8,"Comfortable student hostel with WiFi, food and study environment."
80,Himalayan Boys Hostel,,,,,27.6817519,85.347461,"Kathmandu, Nepal","Koteshwar, Kathmandu",Real,Yes,,13500,Shared,Yes,Yes,Yes,Yes,Yes,Yes,Yes,No,Yes,No,4.6,20,"Comfortable student hostel with WiFi, food and study environment."
81,Greatwall Boys Hostel,,,,,27.682734,85.348647,"Kathmandu, Nepal","Koteshwar, Kathmandu",Real,Yes,,11500,Shared,Yes,Yes,Yes,No,Yes,Yes,Yes,No,Yes,Yes,4.9,36,"Comfortable student hostel with WiFi, food and study environment."
82,Family Girls Hostel,,,,,27.6825094,85.34709,"Kathmandu, Nepal","Koteshwar, Kathmandu",Real,Yes,,16000,Single,Yes,Yes,Yes,Yes,No,Yes,Yes,No,Yes,No,4.1,29,"Comfortable student hostel with WiFi, food and study environment."
83,Aimers Boys Hostel,,,,,27.6836716,85.3471164,"Kathmandu, Nepal","Koteshwar, Kathmandu",Real,Yes,,16500,Single,Yes,Yes,Yes,No,Yes,Yes,Yes,Yes,Yes,Yes,3.5,12,"Comfortable student hostel with WiFi, food and study environment."
84,Sambriddhi Boys Hostel,,,,,27.6850936,85.3461127,"Kathmandu, Nepal","Koteshwar, Kathmandu",Real,Yes,,7500,Double,Yes,Yes,Yes,Yes,Yes,Yes,Yes,No,Yes,No,3.9,20,"Comfortable student hostel with WiFi, food and study environment."
85,Unique Boys Hostel,,,,,27.6846848,85.3451907,"Kathmandu, Nepal","Koteshwar, Kathmandu",Real,Yes,,16500,Double,Yes,Yes,Yes,Yes,No,Yes,Yes,No,Yes,Yes,4.3,36,"Comfortable student hostel with WiFi, food and study environment."
86,Subhasi Boys Hostel,,,,,27.6847045,85.3454509,"Kathmandu, Nepal","Koteshwar, Kathmandu",Real,Yes,,8500,Shared,Yes,Yes,Yes,No,No,Yes,Yes,Yes,Yes,No,4.3,9,"Comfortable student hostel with WiFi, food and study environment."
87,Maitighar Girls Hostel,,,,,27.6847766,85.3456735,"Kathmandu, Nepal","Koteshwar, Kathmandu",Real,Yes,,10000,Double,Yes,Yes,Yes,No,Yes,Yes,Yes,No,Yes,No,4.4,38,"Comfortable student hostel with WiFi, food and study environment."
88,Aayan Boys Hostel,,,,,27.6852942,85.3455741,"Kathmandu, Nepal","Koteshwar, Kathmandu",Real,Yes,,17000,Shared,Yes,Yes,Yes,No,No,Yes,Yes,No,Yes,Yes,4.4,5,"Comfortable student hostel with WiFi, food and study environment."
89,Marigold Boys Hostel,,,,,27.6811538,85.3435236,"Kathmandu, Nepal","Koteshwar, Kathmandu",Real,Yes,,10000,Double,Yes,Yes,Yes,No,No,Yes,Yes,Yes,Yes,Yes,4.2,28,"Comfortable student hostel with WiFi, food and study environment."
90,Trekkers Hostel,,,,,27.7130038,85.3092833,"Kathmandu, Nepal","Kathmandu-16, Kathmandu",Real,Yes,,11000,Shared,Yes,Yes,Yes,Yes,No,Yes,Yes,No,Yes,Yes,4.1,25,"Comfortable student hostel with WiFi, food and study environment."
91,Divine Home Girls Hostel,,,,,27.675453,85.3396712,"Kathmandu, Nepal",Unknown,Real,Yes,,17500,Double,Yes,Yes,Yes,Yes,Yes,Yes,Yes,No,Yes,No,4.7,13,"Comfortable student hostel with WiFi, food and study environment."
92,Family Boys Hostel,,,,,27.6742526,85.3417365,"Kathmandu, Nepal","Koteshwar, Kathmandu",Real,Yes,,8000,Double,Yes,Yes,Yes,Yes,No,Yes,Yes,Yes,Yes,No,4.4,29,"Comfortable student hostel with WiFi, food and study environment."
93,Divine Boys Hostel,,,,,27.6743288,85.3416164,"Kathmandu, Nepal",Unknown,Real,Yes,,9500,Double,Yes,Yes,Yes,No,Yes,Yes,Yes,Yes,Yes,Yes,4.3,31,"Comfortable student hostel with WiFi, food and study environment."
94,Om Shivanandi Boys Hostel,,,,,27.6777447,85.3430175,"Kathmandu, Nepal","Koteshwar, Kathmandu",Real,Yes,,10500,Single,Yes,Yes,Yes,Yes,No,Yes,Yes,No,Yes,Yes,4.0,28,"Comfortable student hostel with WiFi, food and study environment."
95,Koteshwor Boys Hostel,,,,,27.6776332,85.3431803,"Kathmandu, Nepal","Koteshwar, Kathmandu",Real,Yes,,9500,Double,Yes,Yes,Yes,Yes,Yes,Yes,Yes,Yes,Yes,Yes,3.5,39,"Comfortable student hostel with WiFi, food and study environment."
96,Greenland Family Boys Hostel,,,,,27.6813051,85.3449604,"Kathmandu, Nepal","Koteshwar, Kathmandu",Real,Yes,,15500,Double,Yes,Yes,Yes,Yes,Yes,Yes,Yes,No,Yes,Yes,3.7,16,"Comfortable student hostel with WiFi, food and study environment."
97,Alert Boys Hostel,,,,,27.6811486,85.3449891,"Kathmandu, Nepal","Koteshwar, Kathmandu",Real,Yes,,8000,Single,Yes,Yes,Yes,Yes,No,Yes,Yes,Yes,Yes,No,4.1,35,"Comfortable student hostel with WiFi, food and study environment."
98,Koteshwor Youth Hostel,,,,,27.6802179,85.3484551,"Kathmandu, Nepal","Koteshwar, Kathmandu",Real,Yes,,9500,Single,Yes,Yes,Yes,Yes,Yes,Yes,Yes,Yes,Yes,Yes,4.9,9,"Comfortable student hostel with WiFi, food and study environment."
99,Beehive Hostel,,,,,27.7182151,85.3081648,"Kathmandu, Nepal","Nayabazar, Kathmandu",Real,Yes,,7000,Double,Yes,Yes,Yes,No,Yes,Yes,Yes,Yes,Yes,No,3.7,6,"Comfortable student hostel with WiFi, food and study environment."
100,Sathi Girls Hostel,,,9844064720,,27.6883989,85.3262438,"Kathmandu, Nepal","Babarmahal, Kathmandu",Real,Yes,,13500,Shared,Yes,Yes,Yes,No,No,Yes,Yes,Yes,Yes,No,4.9,9,"Comfortable student hostel with WiFi, food and study environment."
101,Hello KTM Hostel,,,+9779843093645,https://www.helloktmhostel.com/,27.7156606,85.3057487,"Kathmandu, Nepal","Kathmandu-16, Kathmandu",Real,Yes,,14000,Double,Yes,Yes,Yes,No,No,Yes,Yes,Yes,Yes,Yes,3.7,5,"Comfortable student hostel with WiFi, food and study environment."
102,New Buddha Boy's Hostel,,,,,27.719372,85.348157,"Kathmandu, Nepal","Chabahil, Kathmandu",Real,Yes,,16500,Shared,Yes,Yes,Yes,No,Yes,Yes,Yes,Yes,Yes,Yes,4.0,21,"Comfortable student hostel with WiFi, food and study environment."
103,Everest Hostel,,,,,27.7075622,85.3248054,"Kathmandu, Nepal","Kamalpokhari, Kathmandu",Real,Yes,,14500,Double,Yes,Yes,Yes,Yes,No,Yes,Yes,No,Yes,Yes,4.2,18,"Comfortable student hostel with WiFi, food and study environment."
104,Chanakya Hostel,,,,,27.7075443,85.3245184,"Kathmandu, Nepal","Kamalpokhari, Kathmandu",Real,Yes,,11500,Shared,Yes,Yes,Yes,No,No,Yes,Yes,No,Yes,Yes,3.8,7,"Comfortable student hostel with WiFi, food and study environment."
105,Antique Hostel,,,,,27.7130133,85.3091872,"Kathmandu, Nepal","Kathmandu-16, Kathmandu",Real,Yes,,7500,Double,Yes,Yes,Yes,No,Yes,Yes,Yes,No,Yes,No,4.2,8,"Comfortable student hostel with WiFi, food and study environment."
106,Ananda Boys Hostel,,,,,27.6810331,85.333958,"Kathmandu, Nepal","Baneshwar, Kathmandu",Real,Yes,,10500,Single,Yes,Yes,Yes,No,Yes,Yes,Yes,Yes,Yes,Yes,4.2,30,"Comfortable student hostel with WiFi, food and study environment."
107,Raica Boys Hostel Block B,,,,,27.6839548,85.3350168,"Kathmandu, Nepal","Baneshwar, Kathmandu",Real,Yes,,11500,Shared,Yes,Yes,Yes,Yes,Yes,Yes,Yes,No,Yes,Yes,4.2,37,"Comfortable student hostel with WiFi, food and study environment."
108,Skyline girls hostle,,,,,27.6883561,85.3316672,"Kathmandu, Nepal","Buddhnagar, Kathmandu",Real,Yes,,11500,Double,Yes,Yes,Yes,Yes,No,Yes,Yes,Yes,Yes,No,4.5,23,"Comfortable student hostel with WiFi, food and study environment."
109,Daju Bhai Boys Hostel,,,,,27.7044703,85.3345335,"Kathmandu, Nepal","Maitidevi, Kathmandu",Real,Yes,,14000,Double,Yes,Yes,Yes,Yes,Yes,Yes,Yes,No,Yes,Yes,4.0,37,"Comfortable student hostel with WiFi, food and study environment."
110,Gelos Boys Hostel,,,,,27.6859554647588,85.33343932641068,"Kathmandu, Nepal","Buddhnagar, Kathmandu",Real,Yes,,8000,Single,Yes,Yes,Yes,Yes,No,Yes,Yes,No,Yes,No,4.0,31,"Comfortable student hostel with WiFi, food and study environment."
111,Lumbini Boys Hostel,,,,,27.692063721557247,85.32948800181964,"Kathmandu, Nepal","Kathmandu-10, Kathmandu",Real,Yes,,17500,Shared,Yes,Yes,Yes,Yes,Yes,Yes,Yes,Yes,Yes,No,4.7,32,"Comfortable student hostel with WiFi, food and study environment."
112,Bharitya Gorkha Sainik Niwas,,,,,27.717955032738352,85.31066340794273,"Kathmandu, Nepal","Nayabazar, Kathmandu",Real,Yes,,10500,Shared,Yes,Yes,Yes,Yes,Yes,Yes,Yes,Yes,Yes,No,3.7,30,"Comfortable student hostel with WiFi, food and study environment."
113,Siddhartha Boys Hostel,,,,,27.68565268290747,85.3308965515547,"Kathmandu, Nepal","Buddhnagar, Kathmandu",Real,Yes,,11000,Shared,Yes,Yes,Yes,No,Yes,Yes,Yes,Yes,Yes,No,4.8,10,"Comfortable student hostel with WiFi, food and study environment."
114,D&D girls hostel,,,,,27.69292153702824,85.33839817087622,"Kathmandu, Nepal","Baneshwar, Kathmandu",Real,Yes,,17000,Single,Yes,Yes,Yes,No,Yes,Yes,Yes,No,Yes,No,4.5,39,"Comfortable student hostel with WiFi, food and study environment."
115,Kathmandu Boys hostel,,,,,27.69268586553113,85.33862866073095,"Kathmandu, Nepal","Baneshwar, Kathmandu",Real,Yes,,16000,Shared,Yes,Yes,Yes,No,No,Yes,Yes,No,Yes,No,4.5,39,"Comfortable student hostel with WiFi, food and study environment."
116,Sagun Boys Hostel,Bhupi Sherchan Marga,"Milan chowk, Mid Baneshwor, Kathamandu",,,27.69671533125264,85.34223578413992,"Kathmandu, Nepal","Baneshwar, Kathmandu",Real,Yes,,17500,Shared,Yes,Yes,Yes,No,No,Yes,Yes,No,Yes,No,3.7,14,"Comfortable student hostel with WiFi, food and study environment."
117,Rupandehi Girls Hostel,,,,,27.69304401662467,85.3388198293809,"Kathmandu, Nepal","Baneshwar, Kathmandu",Real,Yes,,10000,Double,Yes,Yes,Yes,No,No,Yes,Yes,No,Yes,No,5.0,22,"Comfortable student hostel with WiFi, food and study environment."
118,Elbrus Home Second Building,,,,,27.72029655119028,85.31231258348099,"Kathmandu, Nepal","Nayabazar, Kathmandu",Real,Yes,,13500,Double,Yes,Yes,Yes,No,No,Yes,Yes,Yes,Yes,No,3.9,10,"Comfortable student hostel with WiFi, food and study environment."
119,Elbrus Home Main Building,,,,,27.720440306808488,85.31265006666445,"Kathmandu, Nepal","Samakhushi, Kathmandu",Real,Yes,,8500,Single,Yes,Yes,Yes,No,No,Yes,Yes,No,Yes,No,3.8,24,"Comfortable student hostel with WiFi, food and study environment."
120,Taj Girls Hostel,,,,,27.700200405975707,85.3383030064752,"Kathmandu, Nepal","Kathmandu-10, Kathmandu",Real,Yes,,15500,Shared,Yes,Yes,Yes,Yes,Yes,Yes,Yes,No,Yes,Yes,3.7,10,"Comfortable student hostel with WiFi, food and study environment."
121,Hiilton Boys Hostel,,,,,27.694819037782704,85.34214745267234,"Kathmandu, Nepal","Baneshwar, Kathmandu",Real,Yes,,10500,Double,Yes,Yes,Yes,Yes,Yes,Yes,Yes,No,Yes,No,4.3,37,"Comfortable student hostel with WiFi, food and study environment."
122,New Pritoria Girls Hostel,Shram Marga,Kathmandu,+977 9846084057,,27.68751284818406,85.32890835023079,"Kathmandu, Nepal","Buddhnagar, Kathmandu",Real,Yes,,17000,Single,Yes,Yes,Yes,No,No,Yes,Yes,No,Yes,No,4.9,18,"Comfortable student hostel with WiFi, food and study environment."
123,MEGA BOYS HOSTEL,,,,,27.682220961362013,85.34230797494023,"Kathmandu, Nepal","Koteshwar, Kathmandu",Real,Yes,,9000,Shared,Yes,Yes,Yes,No,No,Yes,Yes,No,Yes,Yes,3.8,14,"Comfortable student hostel with WiFi, food and study environment."
124,Prashanti Girls Hostel,,,,,27.715495754628066,85.34266769449752,"Kathmandu, Nepal","Chabahil, Kathmandu",Real,Yes,,11000,Single,Yes,Yes,Yes,Yes,Yes,Yes,Yes,Yes,Yes,No,4.1,39,"Comfortable student hostel with WiFi, food and study environment."
125,Heavan Boys Hostel,Sinamangal Road,,,,27.70011443300292,85.3428904496991,"Kathmandu, Nepal","Sinamangal, Kathmandu",Real,Yes,,9000,Shared,Yes,Yes,Yes,No,No,Yes,Yes,Yes,Yes,No,3.8,25,"Comfortable student hostel with WiFi, food and study environment."
126,Omkareshwor Girls Hostel,,,01-4107967,,27.68904791994777,85.34301890557495,"Kathmandu, Nepal","Baneshwar, Kathmandu",Real,Yes,,8000,Double,Yes,Yes,Yes,No,No,Yes,Yes,No,Yes,No,4.5,30,"Comfortable student hostel with WiFi, food and study environment."
127,Mata Pathivara Girls Hostel,,,,,27.69748154393532,85.33809222175431,"Kathmandu, Nepal","Kathmandu-10, Kathmandu",Real,Yes,,7500,Shared,Yes,Yes,Yes,No,Yes,Yes,Yes,No,Yes,Yes,4.1,9,"Comfortable student hostel with WiFi, food and study environment."
128,Brotherhood Boys Hostel,shree marga,Kathmandu,984-2416595,,27.69330151891577,85.3512309329972,"Kathmandu, Nepal","Baneshwar, Kathmandu",Real,Yes,,9500,Shared,Yes,Yes,Yes,Yes,No,Yes,Yes,Yes,Yes,Yes,3.5,24,"Comfortable student hostel with WiFi, food and study environment."
129,Sanskar Awash Griha Boys hostel,,,,,27.68546315305036,85.34125754677504,"Kathmandu, Nepal","Baneshwar, Kathmandu",Real,Yes,,11500,Shared,Yes,Yes,Yes,Yes,No,Yes,Yes,No,Yes,Yes,4.4,32,"Comfortable student hostel with WiFi, food and study environment."
130,Sanskar Awash Griha Girls hostel,,,,,27.685216431458866,85.34150693161286,"Kathmandu, Nepal","Baneshwar, Kathmandu",Real,Yes,,16500,Shared,Yes,Yes,Yes,No,No,Yes,Yes,No,Yes,Yes,3.8,20,"Comfortable student hostel with WiFi, food and study environment."
131,Asian Boys Hostel,,,,,27.69154745,85.34528845,"Kathmandu, Nepal","Baneshwar, Kathmandu",Real,Yes,,16000,Single,Yes,Yes,Yes,Yes,No,Yes,Yes,Yes,Yes,No,4.4,8,"Comfortable student hostel with WiFi, food and study environment."
132,daskinkali boys hostel,,,,,27.69836978618694,85.342492670567,"Kathmandu, Nepal","Baneshwar, Kathmandu",Real,Yes,,11500,Shared,Yes,Yes,Yes,Yes,No,Yes,Yes,No,Yes,No,4.1,20,"Comfortable student hostel with WiFi, food and study environment."
133,Anshu And Asim Girls Hostel,Naya Marg,Kathmandu,,,27.69164594352144,85.33553167472176,"Kathmandu, Nepal","Kathmandu-10, Kathmandu",Real,Yes,,14000,Single,Yes,Yes,Yes,Yes,No,Yes,Yes,No,Yes,No,4.6,10,"Comfortable student hostel with WiFi, food and study environment."
134,Raica Boys Hostel Block C,,,,,27.68384377704611,85.33512632345172,"Kathmandu, Nepal","Baneshwar, Kathmandu",Real,Yes,,8500,Shared,Yes,Yes,Yes,No,Yes,Yes,Yes,No,Yes,Yes,3.8,32,"Comfortable student hostel with WiFi, food and study environment."
135,Raica Boys Hostel Block A,,,,,27.68396871427443,85.33474808994245,"Kathmandu, Nepal","Baneshwar, Kathmandu",Real,Yes,,14000,Shared,Yes,Yes,Yes,Yes,No,Yes,Yes,No,Yes,Yes,4.6,12,"Comfortable student hostel with WiFi, food and study environment."
136,Kathmandu Girls Hostel,Shree Panchakumari Marg,Kathmandu,,,27.69304658333576,85.33868360001559,"Kathmandu, Nepal","Baneshwar, Kathmandu",Real,Yes,,11500,Single,Yes,Yes,Yes,Yes,No,Yes,Yes,No,Yes,No,4.7,34,"Comfortable student hostel with WiFi, food and study environment."
137,"Sanarch Girls Home, Block B",,,,,27.68342754061192,85.33511873502718,"Kathmandu, Nepal","Baneshwar, Kathmandu",Real,Yes,,13000,Double,Yes,Yes,Yes,No,No,Yes,Yes,No,Yes,Yes,3.6,8,"Comfortable student hostel with WiFi, food and study environment."
138,BSET Special Hostel,,,,,27.72692298926194,85.29872243406628,"Kathmandu, Nepal","Banasthali, Kathmandu",Real,Yes,,11000,Double,Yes,Yes,Yes,No,No,Yes,Yes,Yes,Yes,No,3.7,24,"Comfortable student hostel with WiFi, food and study environment."
139,Frienship hostel,,,,,27.6743624,85.3078988,"Lalitpur, Nepal","Dhobighat, Lalitpur",Real,Yes,,15000,Single,Yes,Yes,Yes,No,Yes,Yes,Yes,No,Yes,Yes,4.8,16,"Comfortable student hostel with WiFi, food and study environment."
140,Caribbean College Boys Hostel,,,,,27.6676324,85.31601,"Lalitpur, Nepal","Jawalakhel, Lalitpur",Real,Yes,,15500,Shared,Yes,Yes,Yes,Yes,No,Yes,Yes,No,Yes,No,3.8,12,"Comfortable student hostel with WiFi, food and study environment."
141,Namaste Ladies Hostel,,,,,27.6680586,85.3164844,"Lalitpur, Nepal","Jawalakhel, Lalitpur",Real,Yes,,14500,Double,Yes,Yes,Yes,Yes,Yes,Yes,Yes,No,Yes,No,4.0,5,"Comfortable student hostel with WiFi, food and study environment."
142,Lotus Hostel,,,,,27.6728739,85.3167712,"Lalitpur, Nepal","Lalitpur-20, Lalitpur",Real,Yes,,14000,Shared,Yes,Yes,Yes,No,No,Yes,Yes,Yes,Yes,No,4.2,13,"Comfortable student hostel with WiFi, food and study environment."
143,Sarojini Girls Home,,,,,27.6738166,85.3158226,"Lalitpur, Nepal","Lalitpur-04, Lalitpur",Real,Yes,,8000,Single,Yes,Yes,Yes,No,Yes,Yes,Yes,No,Yes,No,3.9,5,"Comfortable student hostel with WiFi, food and study environment."
144,suryabinayak boys hostel,,,,,27.687732,85.3172182,"Lalitpur, Nepal","Kupondole, Lalitpur",Real,Yes,,16500,Single,Yes,Yes,Yes,Yes,No,Yes,Yes,Yes,Yes,No,4.8,15,"Comfortable student hostel with WiFi, food and study environment."
145,WhiteHouse Hostel,,,,,27.655908,85.3309951,"Lalitpur, Nepal","Khumaltar, Lalitpur",Real,Yes,,7500,Double,Yes,Yes,Yes,Yes,No,Yes,Yes,No,Yes,No,4.3,36,"Comfortable student hostel with WiFi, food and study environment."
146,Nepali Travellers Airbnb,,,,,27.6717186,85.3107638,"Lalitpur, Nepal","Dhobighat, Lalitpur",Real,Yes,,13500,Double,Yes,Yes,Yes,No,Yes,Yes,Yes,Yes,Yes,Yes,4.5,27,"Comfortable student hostel with WiFi, food and study environment."
147,Safe Home,,,,,27.6862981,85.3130275,"Lalitpur, Nepal","Sanepa, Lalitpur",Real,Yes,,12000,Shared,Yes,Yes,Yes,Yes,Yes,Yes,Yes,No,Yes,No,4.4,38,"Comfortable student hostel with WiFi, food and study environment."
148,Sunshine Boys Hostel,,,,,27.6624904,85.3177076,"Lalitpur, Nepal","Ekantakuna, Lalitpur",Real,Yes,,16500,Double,Yes,Yes,Yes,No,No,Yes,Yes,No,Yes,Yes,4.4,38,"Comfortable student hostel with WiFi, food and study environment."
149,Dynamic Boys Hostel,,,,,27.6865375,85.3122652,"Lalitpur, Nepal","Sanepa, Lalitpur",Real,Yes,,11000,Single,Yes,Yes,Yes,Yes,No,Yes,Yes,No,Yes,Yes,4.4,21,"Comfortable student hostel with WiFi, food and study environment."
150,Pulchowk Campus Boy's Hostel,,,,,27.681802847752973,85.32392573443833,"Lalitpur, Nepal","Lalitpur-10, Lalitpur",Real,Yes,,7000,Single,Yes,Yes,Yes,No,No,Yes,Yes,No,Yes,No,4.0,15,"Comfortable student hostel with WiFi, food and study environment."
151,Pulchok Campus Girls Hostel,,,,,27.683143659668023,85.32407773779785,"Lalitpur, Nepal","Kupondole, Lalitpur",Real,Yes,,8000,Single,Yes,Yes,Yes,Yes,No,Yes,Yes,Yes,Yes,Yes,4.8,28,"Comfortable student hostel with WiFi, food and study environment."
152,MSc Hostel,,,,,27.680356591909224,85.31923576049653,"Lalitpur, Nepal","Lalitpur-10, Lalitpur",Real,Yes,,10500,Shared,Yes,Yes,Yes,No,No,Yes,Yes,Yes,Yes,Yes,4.4,13,"Comfortable student hostel with WiFi, food and study environment."
153,Pulchok TT-hall,,,,,27.68187943154453,85.32345901944528,"Lalitpur, Nepal","Kupondole, Lalitpur",Real,Yes,,17500,Double,Yes,Yes,Yes,Yes,Yes,Yes,Yes,No,Yes,Yes,4.7,22,"Comfortable student hostel with WiFi, food and study environment."
154,Sanu House,Ring Road,Patan,+9771 5202212,https://www.homestaynepal.com/,27.66529695,85.33158900000001,"Lalitpur, Nepal","Lalitpur-17, Lalitpur",Real,Yes,,16000,Shared,Yes,Yes,Yes,No,No,Yes,Yes,No,Yes,Yes,4.6,12,"Comfortable student hostel with WiFi, food and study environment."
155,Pulchok Campus Boy's Hostel Block A,,,,,27.682162397323346,85.3239360050367,"Lalitpur, Nepal","Lalitpur-10, Lalitpur",Real,Yes,,16000,Shared,Yes,Yes,Yes,Yes,No,Yes,Yes,Yes,Yes,Yes,3.9,6,"Comfortable student hostel with WiFi, food and study environment."
156,Pulchok Campus Boy's Hostel,,,,https://www.ioe.edu.np/,27.68142878942153,85.32391883741695,"Lalitpur, Nepal","Lalitpur-10, Lalitpur",Real,Yes,,7000,Double,Yes,Yes,Yes,No,No,Yes,Yes,Yes,Yes,Yes,4.4,26,"Comfortable student hostel with WiFi, food and study environment."
157,sagarmatha boys hostel 2nd building,,,,,27.670324469427005,85.33364421657373,"Lalitpur, Nepal","Guita, Lalitpur",Real,Yes,,17500,Single,Yes,Yes,Yes,No,Yes,Yes,Yes,Yes,Yes,No,3.6,32,"Comfortable student hostel with WiFi, food and study environment."
158,Hostel Swastik,,,,,27.6757484,85.4341549,"Bhaktapur, Nepal","Kamal Binayak, Bhaktapur",Real,Yes,,11000,Double,Yes,Yes,Yes,No,No,Yes,Yes,Yes,Yes,Yes,3.7,22,"Comfortable student hostel with WiFi, food and study environment."
159,Bhanubhakta Hostel,,,,,27.674493744300893,85.41762797081212,"Bhaktapur, Nepal","Itachhen, Bhaktapur",Real,Yes,,16000,Double,Yes,Yes,Yes,No,No,Yes,Yes,Yes,Yes,Yes,3.7,38,"Comfortable student hostel with WiFi, food and study environment."
160,Devkota Hostel,,,,,27.67442221838628,85.4166829175917,"Bhaktapur, Nepal","Itachhen, Bhaktapur",Real,Yes,,7500,Double,Yes,Yes,Yes,No,No,Yes,Yes,Yes,Yes,Yes,4.0,9,"Comfortable student hostel with WiFi, food and study environment."
161,Lekhnath Hostel,,,,,27.6746932122786,85.41672332926746,"Bhaktapur, Nepal","Itachhen, Bhaktapur",Real,Yes,,9500,Shared,Yes,Yes,Yes,Yes,Yes,Yes,Yes,Yes,Yes,Yes,3.8,21,"Comfortable student hostel with WiFi, food and study environment."
162,Araniko Hostel,,,,,27.674108642261952,85.41748922275144,"Bhaktapur, Nepal","Itachhen, Bhaktapur",Real,Yes,,14500,Double,Yes,Yes,Yes,No,Yes,Yes,Yes,Yes,Yes,Yes,4.5,9,"Comfortable student hostel with WiFi, food and study environment."
163,Siddhartha Hostel,,,,,27.67115858892782,85.41678750475258,"Bhaktapur, Nepal","Bhaktapur-01, Bhaktapur",Real,Yes,,15000,Single,Yes,Yes,Yes,Yes,No,Yes,Yes,Yes,Yes,Yes,4.3,36,"Comfortable student hostel with WiFi, food and study environment."
164,Gehendra Hostel,,,,,27.67389981856484,85.41612574313126,"Bhaktapur, Nepal","Itachhen, Bhaktapur",Real,Yes,,17000,Double,Yes,Yes,Yes,No,No,Yes,Yes,No,Yes,No,4.1,34,"Comfortable student hostel with WiFi, food and study environment."
165,Amarsingh Hostel,,,,,27.673740702584908,85.41669413676519,"Bhaktapur, Nepal","Itachhen, Bhaktapur",Real,Yes,,14000,Single,Yes,Yes,Yes,Yes,Yes,Yes,Yes,No,Yes,No,3.7,37,"Comfortable student hostel with WiFi, food and study environment."
166,Balmiki Hostel,,,,,27.67125767127138,85.41604163233029,"Bhaktapur, Nepal","Bhaktapur-01, Bhaktapur",Real,Yes,,11000,Single,Yes,Yes,Yes,No,Yes,Yes,Yes,No,Yes,Yes,4.1,28,"Comfortable student hostel with WiFi, food and study environment."
167,GPA Girls Hostel,,,,,27.637766,85.33238,,"Dhapakhel, Lalitpur",Real,Yes,Girls,9500,Single,Yes,Yes,Yes,No,Yes,Yes,Yes,Yes,Yes,No,3.8,8,"Comfortable student hostel with WiFi, food and study environment."
168,Om Mangal Murti Hostel,,,,,27.63714,85.331743,,"Dhapakhel, Lalitpur",Real,Yes,Mixed,16000,Shared,Yes,Yes,Yes,Yes,No,Yes,Yes,Yes,Yes,No,4.5,36,"Comfortable student hostel with WiFi, food and study environment."
169,Shree Hostel,,,,,27.695119584856656,85.3345386979497,,"Kalanki, Kathmandu",Generated,No,Girls,13500,Shared,Yes,Yes,Yes,No,Yes,Yes,Yes,Yes,Yes,Yes,4.5,15,"Comfortable student hostel with WiFi, food and study environment."
170,Royal Girls Hostel,,,,,27.682081930717924,85.33339158095946,,"Kalanki, Kathmandu",Generated,No,Boys,17000,Shared,Yes,Yes,Yes,Yes,Yes,Yes,Yes,Yes,Yes,Yes,4.5,28,"Comfortable student hostel with WiFi, food and study environment."
171,Om Girls Hostel,,,,,27.681153680251754,85.34082267845169,,"Imadol, Lalitpur",Generated,No,Boys,14500,Double,Yes,Yes,Yes,Yes,Yes,Yes,Yes,No,Yes,No,5.0,15,"Comfortable student hostel with WiFi, food and study environment."
172,Everest Residence,,,,,27.709840936185138,85.33672766283293,,"Koteshwor, Kathmandu",Generated,No,Mixed,8000,Shared,Yes,Yes,Yes,No,Yes,Yes,Yes,No,Yes,Yes,4.3,21,"Comfortable student hostel with WiFi, food and study environment."
173,Royal Residence,,,,,27.707252657592615,85.32391688536669,,"Jawalakhel, Lalitpur",Generated,No,Boys,14500,Double,Yes,Yes,Yes,No,No,Yes,Yes,No,Yes,Yes,4.2,11,"Comfortable student hostel with WiFi, food and study environment."
174,Green Girls Hostel,,,,,27.68588383155758,85.32729521573812,,"Pulchowk, Lalitpur",Generated,No,Boys,12500,Single,Yes,Yes,Yes,Yes,No,Yes,Yes,Yes,Yes,No,3.7,12,"Comfortable student hostel with WiFi, food and study environment."
175,Golden Hostel,,,,,27.682322127146772,85.34513641236582,,"Chabahil, Kathmandu",Generated,No,Girls,13500,Double,Yes,Yes,Yes,No,No,Yes,Yes,No,Yes,No,4.0,19,"Comfortable student hostel with WiFi, food and study environment."
176,Green Girls Hostel,,,,,27.686611818657013,85.34604817900944,,"Baneshwor, Kathmandu",Generated,No,Mixed,12000,Single,Yes,Yes,Yes,No,Yes,Yes,Yes,No,Yes,Yes,4.2,37,"Comfortable student hostel with WiFi, food and study environment."
177,Peace Hostel,,,,,27.691322237219964,85.33946488265516,,"Baneshwor, Kathmandu",Generated,No,Boys,12000,Double,Yes,Yes,Yes,No,Yes,Yes,Yes,No,Yes,No,3.6,5,"Comfortable student hostel with WiFi, food and study environment."
178,Green Student Hostel,,,,,27.687919404900157,85.32605744120947,,"Jawalakhel, Lalitpur",Generated,No,Girls,17500,Shared,Yes,Yes,Yes,Yes,No,Yes,Yes,Yes,Yes,Yes,4.0,7,"Comfortable student hostel with WiFi, food and study environment."
179,Mountain Student Home,,,,,27.636641,85.330526,,"Dhapakhel, Lalitpur",Generated,No,Mixed,8500,Single,Yes,Yes,Yes,No,No,Yes,Yes,Yes,Yes,Yes,3.5,5,"Comfortable student hostel with WiFi, food and study environment."
180,Royal Student Hostel,,,,,27.680896505062012,85.31937232000465,,"Boudha, Kathmandu",Generated,No,Girls,9500,Double,Yes,Yes,Yes,Yes,No,Yes,Yes,Yes,Yes,Yes,3.7,20,"Comfortable student hostel with WiFi, food and study environment."
181,Om Girls Hostel,,,,,27.690627241307137,85.34699001471849,,"Baneshwor, Kathmandu",Generated,No,Mixed,12000,Double,Yes,Yes,Yes,Yes,No,Yes,Yes,Yes,Yes,Yes,4.7,7,"Comfortable student hostel with WiFi, food and study environment."
182,Everest Student Hostel,,,,,27.681099978690636,85.3249989887487,,"Thimi, Bhaktapur",Generated,No,Girls,13500,Shared,Yes,Yes,Yes,Yes,Yes,Yes,Yes,Yes,Yes,Yes,4.9,35,"Comfortable student hostel with WiFi, food and study environment."
183,Valley Student Home,,,,,27.68238745914809,85.34073715442085,,"Jawalakhel, Lalitpur",Generated,No,Boys,14500,Shared,Yes,Yes,Yes,Yes,Yes,Yes,Yes,No,Yes,Yes,4.3,28,"Comfortable student hostel with WiFi, food and study environment."
184,Mountain Boys Hostel,,,,,27.703020654661177,85.32267902760425,,"Koteshwor, Kathmandu",Generated,No,Girls,11500,Shared,Yes,Yes,Yes,No,No,Yes,Yes,Yes,Yes,No,4.2,29,"Comfortable student hostel with WiFi, food and study environment."
185,Shree Residency,,,,,27.683852721278104,85.34655405592837,,"Satdobato, Lalitpur",Generated,No,Mixed,17500,Double,Yes,Yes,Yes,No,No,Yes,Yes,Yes,Yes,No,4.5,14,"Comfortable student hostel with WiFi, food and study environment."
186,Green Student Hostel,,,,,27.67546213530918,85.43448903169978,,"Koteshwor, Kathmandu",Generated,No,Mixed,13000,Shared,Yes,Yes,Yes,Yes,No,Yes,Yes,No,Yes,No,4.1,16,"Comfortable student hostel with WiFi, food and study environment."
187,Himalayan Student Hostel,,,,,27.714741663339556,85.31256932863013,,"Gwarko, Lalitpur",Generated,No,Boys,15500,Double,Yes,Yes,Yes,Yes,No,Yes,Yes,No,Yes,No,4.8,7,"Comfortable student hostel with WiFi, food and study environment."
188,Himalayan Boys Hostel,,,,,27.686384748916318,85.34119557148006,,"Imadol, Lalitpur",Generated,No,Mixed,7500,Shared,Yes,Yes,Yes,Yes,Yes,Yes,Yes,Yes,Yes,Yes,4.2,40,"Comfortable student hostel with WiFi, food and study environment."
189,Shree Residence,,,,,27.71202858552096,85.3377313573804,,"Thimi, Bhaktapur",Generated,No,Mixed,14000,Double,Yes,Yes,Yes,Yes,Yes,Yes,Yes,No,Yes,No,3.6,31,"Comfortable student hostel with WiFi, food and study environment."
190,Shree Residence,,,,,27.675576099556043,85.41745017074356,,"Pulchowk, Lalitpur",Generated,No,Mixed,8000,Single,Yes,Yes,Yes,No,Yes,Yes,Yes,Yes,Yes,No,3.5,19,"Comfortable student hostel with WiFi, food and study environment."
191,Lotus Boys Hostel,,,,,27.683630601892123,85.34325730051458,,"Thimi, Bhaktapur",Generated,No,Mixed,12000,Shared,Yes,Yes,Yes,Yes,Yes,Yes,Yes,Yes,Yes,No,4.6,25,"Comfortable student hostel with WiFi, food and study environment."
192,Shree Residence,,,,,27.709774511761513,85.33684915620302,,"Koteshwor, Kathmandu",Generated,No,Mixed,11000,Single,Yes,Yes,Yes,Yes,No,Yes,Yes,No,Yes,Yes,3.9,20,"Comfortable student hostel with WiFi, food and study environment."
193,Peace Residence,,,,,27.68280431135738,85.34500567427935,,"Gwarko, Lalitpur",Generated,No,Mixed,12000,Double,Yes,Yes,Yes,Yes,No,Yes,Yes,Yes,Yes,Yes,3.9,31,"Comfortable student hostel with WiFi, food and study environment."
194,Lotus Girls Hostel,,,,,27.717018580845753,85.3475584570742,,"Chabahil, Kathmandu",Generated,No,Boys,8500,Single,Yes,Yes,Yes,Yes,Yes,Yes,Yes,No,Yes,No,4.3,25,"Comfortable student hostel with WiFi, food and study environment."
195,Himalayan Residency,,,,,27.68454417833784,85.34474322283212,,"Pulchowk, Lalitpur",Generated,No,Boys,13000,Shared,Yes,Yes,Yes,Yes,No,Yes,Yes,No,Yes,Yes,3.8,22,"Comfortable student hostel with WiFi, food and study environment."
196,Himalayan Hostel,,,,,27.692405400665976,85.33534393839682,,"Satdobato, Lalitpur",Generated,No,Girls,15000,Shared,Yes,Yes,Yes,No,No,Yes,Yes,No,Yes,Yes,4.2,9,"Comfortable student hostel with WiFi, food and study environment."
197,Shree Residence,,,,,27.68467329301368,85.34631273797471,,"Koteshwor, Kathmandu",Generated,No,Boys,7000,Double,Yes,Yes,Yes,No,No,Yes,Yes,No,Yes,Yes,4.6,28,"Comfortable student hostel with WiFi, food and study environment."
198,Lotus Residency,,,,,27.68899510329099,85.33345459471882,,"Chabahil, Kathmandu",Generated,No,Mixed,17500,Shared,Yes,Yes,Yes,No,Yes,Yes,Yes,Yes,Yes,No,4.6,12,"Comfortable student hostel with WiFi, food and study environment."
199,Shree Residence,,,,,27.674971651760803,85.33849969282177,,"Satdobato, Lalitpur",Generated,No,Mixed,15500,Single,Yes,Yes,Yes,No,No,Yes,Yes,No,Yes,No,4.3,37,"Comfortable student hostel with WiFi, food and study environment."
200,Mountain Student Home,,,,,27.683846304253557,85.3458147651652,,"Jawalakhel, Lalitpur",Generated,No,Girls,14000,Shared,Yes,Yes,Yes,No,No,Yes,Yes,No,Yes,No,3.7,8,"Comfortable student hostel with WiFi, food and study environment."
201,Royal Student Hostel,,,,,27.63666,85.33139,,"Dhapakhel, Lalitpur",Generated,No,Girls,13500,Single,Yes,Yes,Yes,Yes,Yes,Yes,Yes,Yes,Yes,No,3.7,16,"Comfortable student hostel with WiFi, food and study environment."
202,Valley Student Hostel,,,,,27.681493337040028,85.3446164860897,,"Thimi, Bhaktapur",Generated,No,Boys,7500,Shared,Yes,Yes,Yes,No,Yes,Yes,Yes,Yes,Yes,Yes,4.7,19,"Comfortable student hostel with WiFi, food and study environment."
203,Himalayan Hostel,,,,,27.684800078060626,85.33298358500996,,"Jawalakhel, Lalitpur",Generated,No,Boys,10000,Double,Yes,Yes,Yes,Yes,Yes,Yes,Yes,No,Yes,Yes,4.7,38,"Comfortable student hostel with WiFi, food and study environment."
204,Buddha Student Hostel,,,,,27.710100724479236,85.33672880905587,,"Chabahil, Kathmandu",Generated,No,Boys,15000,Shared,Yes,Yes,Yes,No,Yes,Yes,Yes,Yes,Yes,Yes,4.1,7,"Comfortable student hostel with WiFi, food and study environment."
205,Valley Boys Hostel,,,,,27.682472310263524,85.34207873230056,,"Baneshwor, Kathmandu",Generated,No,Girls,12500,Double,Yes,Yes,Yes,No,No,Yes,Yes,No,Yes,Yes,4.7,30,"Comfortable student hostel with WiFi, food and study environment."
206,Himalayan Student Home,,,,,27.704060587991066,85.32352783965744,,"Imadol, Lalitpur",Generated,No,Girls,16500,Shared,Yes,Yes,Yes,No,Yes,Yes,Yes,No,Yes,No,3.6,9,"Comfortable student hostel with WiFi, food and study environment."
207,Om Hostel,,,,,27.69806410067902,85.34236076923915,,"Gwarko, Lalitpur",Generated,No,Mixed,14500,Double,Yes,Yes,Yes,No,No,Yes,Yes,Yes,Yes,No,4.6,34,"Comfortable student hostel with WiFi, food and study environment."
208,Golden Student Home,,,,,27.683090460845463,85.3419172714846,,"Jawalakhel, Lalitpur",Generated,No,Boys,17000,Single,Yes,Yes,Yes,Yes,Yes,Yes,Yes,Yes,Yes,No,4.3,23,"Comfortable student hostel with WiFi, food and study environment."
209,Buddha Student Hostel,,,,,27.68397942533568,85.34328273563376,,"Imadol, Lalitpur",Generated,No,Boys,14000,Single,Yes,Yes,Yes,No,No,Yes,Yes,No,Yes,Yes,5.0,24,"Comfortable student hostel with WiFi, food and study environment."
210,Himalayan Boys Hostel,,,,,27.69002928057867,85.32819982579151,,"Chabahil, Kathmandu",Generated,No,Boys,7500,Single,Yes,Yes,Yes,Yes,No,Yes,Yes,No,Yes,Yes,3.7,25,"Comfortable student hostel with WiFi, food and study environment."
211,Everest Hostel,,,,,27.6802590533181,85.34546332987365,,"Baneshwor, Kathmandu",Generated,No,Boys,10000,Single,Yes,Yes,Yes,No,Yes,Yes,Yes,Yes,Yes,Yes,4.7,10,"Comfortable student hostel with WiFi, food and study environment."
212,Golden Hostel,,,,,27.71262945623181,85.3092087336719,,"Koteshwor, Kathmandu",Generated,No,Girls,11000,Double,Yes,Yes,Yes,No,No,Yes,Yes,Yes,Yes,Yes,4.6,40,"Comfortable student hostel with WiFi, food and study environment."
213,Buddha Residency,,,,,27.680791421513405,85.34203408703036,,"Imadol, Lalitpur",Generated,No,Mixed,15500,Double,Yes,Yes,Yes,No,No,Yes,Yes,No,Yes,No,3.9,34,"Comfortable student hostel with WiFi, food and study environment."
214,Shree Student Home,,,,,27.687045702022303,85.34348862237083,,"Satdobato, Lalitpur",Generated,No,Girls,9000,Single,Yes,Yes,Yes,Yes,Yes,Yes,Yes,No,Yes,No,5.0,5,"Comfortable student hostel with WiFi, food and study environment."
215,Everest Girls Hostel,,,,,27.683712787301094,85.34529953130199,,"Satdobato, Lalitpur",Generated,No,Mixed,11500,Single,Yes,Yes,Yes,Yes,Yes,Yes,Yes,No,Yes,Yes,4.2,28,"Comfortable student hostel with WiFi, food and study environment."
216,Everest Girls Hostel,,,,,27.672496430285904,85.34099091923908,,"Boudha, Kathmandu",Generated,No,Mixed,14000,Single,Yes,Yes,Yes,No,No,Yes,Yes,Yes,Yes,Yes,4.0,17,"Comfortable student hostel with WiFi, food and study environment."
217,Everest Girls Hostel,,,,,27.63768,85.332664,,"Dhapakhel, Lalitpur",Generated,No,Boys,14500,Shared,Yes,Yes,Yes,No,Yes,Yes,Yes,No,Yes,No,4.7,23,"Comfortable student hostel with WiFi, food and study environment."
218,Royal Boys Hostel,,,,,27.63819,85.33249,,"Dhapakhel, Lalitpur",Generated,No,Mixed,8500,Single,Yes,Yes,Yes,Yes,Yes,Yes,Yes,Yes,Yes,Yes,4.2,24,"Comfortable student hostel with WiFi, food and study environment."
219,Valley Hostel,,,,,27.714603961391155,85.31471407661414,,"Imadol, Lalitpur",Generated,No,Mixed,7000,Double,Yes,Yes,Yes,Yes,Yes,Yes,Yes,Yes,Yes,Yes,5.0,20,"Comfortable student hostel with WiFi, food and study environment."
220,Peace Student Hostel,,,,,27.683068689157164,85.34873813086213,,"Gwarko, Lalitpur",Generated,No,Mixed,17000,Double,Yes,Yes,Yes,No,Yes,Yes,Yes,Yes,Yes,No,4.7,34,"Comfortable student hostel with WiFi, food and study environment."
221,Lotus Student Home,,,,,27.673156554016025,85.41518820118138,,"Gwarko, Lalitpur",Generated,No,Girls,16500,Double,Yes,Yes,Yes,No,Yes,Yes,Yes,No,Yes,Yes,3.9,28,"Comfortable student hostel with WiFi, food and study environment."
222,Himalayan Hostel,,,,,27.70158909829028,85.32357417332682,,"Boudha, Kathmandu",Generated,No,Mixed,10500,Shared,Yes,Yes,Yes,Yes,No,Yes,Yes,No,Yes,Yes,4.7,36,"Comfortable student hostel with WiFi, food and study environment."
223,Himalayan Girls Hostel,,,,,27.709538117763415,85.32650278579142,,"Baneshwor, Kathmandu",Generated,No,Mixed,9500,Shared,Yes,Yes,Yes,No,Yes,Yes,Yes,Yes,Yes,Yes,4.4,17,"Comfortable student hostel with WiFi, food and study environment."
224,Himalayan Student Hostel,,,,,27.697430587845943,85.34422570807897,,"Jawalakhel, Lalitpur",Generated,No,Girls,11500,Shared,Yes,Yes,Yes,Yes,No,Yes,Yes,Yes,Yes,No,4.0,39,"Comfortable student hostel with WiFi, food and study environment."
225,Om Residency,,,,,27.701029887329426,85.32443147981857,,"Kalanki, Kathmandu",Generated,No,Mixed,15500,Shared,Yes,Yes,Yes,No,No,Yes,Yes,No,Yes,Yes,4.6,20,"Comfortable student hostel with WiFi, food and study environment."
226,Shree Residency,,,,,27.68395953981652,85.33579777626657,,"Gwarko, Lalitpur",Generated,No,Boys,7000,Double,Yes,Yes,Yes,No,No,Yes,Yes,No,Yes,No,4.4,14,"Comfortable student hostel with WiFi, food and study environment."
227,Himalayan Hostel,,,,,27.68365262001571,85.33888356445757,,"Satdobato, Lalitpur",Generated,No,Mixed,15500,Shared,Yes,Yes,Yes,Yes,Yes,Yes,Yes,Yes,Yes,Yes,3.7,5,"Comfortable student hostel with WiFi, food and study environment."
228,Royal Student Home,,,,,27.6796548916391,85.33308502508582,,"Jawalakhel, Lalitpur",Generated,No,Boys,13500,Shared,Yes,Yes,Yes,Yes,Yes,Yes,Yes,No,Yes,Yes,3.7,31,"Comfortable student hostel with WiFi, food and study environment."
229,Shree Boys Hostel,,,,,27.702577488515207,85.32616935126157,,"Pulchowk, Lalitpur",Generated,No,Boys,8000,Shared,Yes,Yes,Yes,No,Yes,Yes,Yes,No,Yes,No,3.8,6,"Comfortable student hostel with WiFi, food and study environment."
230,Peace Hostel,,,,,27.680266093870852,85.34004070309025,,"Thimi, Bhaktapur",Generated,No,Girls,10500,Single,Yes,Yes,Yes,Yes,No,Yes,Yes,No,Yes,No,3.8,19,"Comfortable student hostel with WiFi, food and study environment."
231,Peace Student Hostel,,,,,27.672803076892077,85.31131225350921,,"Satdobato, Lalitpur",Generated,No,Girls,8500,Double,Yes,Yes,Yes,No,No,Yes,Yes,No,Yes,No,3.6,39,"Comfortable student hostel with WiFi, food and study environment."
232,Everest Hostel,,,,,27.637682,85.332683,,"Dhapakhel, Lalitpur",Generated,No,Mixed,14000,Shared,Yes,Yes,Yes,Yes,No,Yes,Yes,Yes,Yes,Yes,4.0,27,"Comfortable student hostel with WiFi, food and study environment."
233,Green Girls Hostel,,,,,27.67572435654819,85.41767158390826,,"Chabahil, Kathmandu",Generated,No,Boys,8500,Single,Yes,Yes,Yes,Yes,No,Yes,Yes,No,Yes,Yes,3.9,5,"Comfortable student hostel with WiFi, food and study environment."
234,Green Residence,,,,,27.690634246851523,85.32736791543267,,"Thimi, Bhaktapur",Generated,No,Girls,17000,Double,Yes,Yes,Yes,Yes,No,Yes,Yes,No,Yes,No,4.3,26,"Comfortable student hostel with WiFi, food and study environment."
235,Himalayan Residency,,,,,27.676473506153357,85.34217841895689,,"Chabahil, Kathmandu",Generated,No,Girls,9000,Shared,Yes,Yes,Yes,Yes,Yes,Yes,Yes,Yes,Yes,Yes,4.0,5,"Comfortable student hostel with WiFi, food and study environment."
236,Royal Residence,,,,,27.68474084809055,85.33776681044456,,"Koteshwor, Kathmandu",Generated,No,Boys,14500,Double,Yes,Yes,Yes,No,Yes,Yes,Yes,Yes,Yes,Yes,4.6,29,"Comfortable student hostel with WiFi, food and study environment."
237,Om Residency,,,,,27.695699364818655,85.3319310454476,,"Imadol, Lalitpur",Generated,No,Mixed,11500,Double,Yes,Yes,Yes,No,No,Yes,Yes,Yes,Yes,No,3.9,24,"Comfortable student hostel with WiFi, food and study environment."
238,Peace Student Hostel,,,,,27.7120931561135,85.3143225972663,,"Satdobato, Lalitpur",Generated,No,Boys,15000,Single,Yes,Yes,Yes,Yes,Yes,Yes,Yes,No,Yes,Yes,3.9,11,"Comfortable student hostel with WiFi, food and study environment."
239,Buddha Student Hostel,,,,,27.68203956689039,85.34524489843066,,"Baneshwor, Kathmandu",Generated,No,Girls,11000,Shared,Yes,Yes,Yes,No,No,Yes,Yes,No,Yes,Yes,4.8,18,"Comfortable student hostel with WiFi, food and study environment."
240,Royal Student Hostel,,,,,27.69146235525503,85.33077014734353,,"Thimi, Bhaktapur",Generated,No,Mixed,13500,Double,Yes,Yes,Yes,No,No,Yes,Yes,Yes,Yes,No,5.0,38,"Comfortable student hostel with WiFi, food and study environment."
241,Himalayan Residence,,,,,27.681555319153308,85.3417854478048,,"Pulchowk, Lalitpur",Generated,No,Girls,14500,Single,Yes,Yes,Yes,No,No,Yes,Yes,No,Yes,No,4.5,20,"Comfortable student hostel with WiFi, food and study environment."
242,Shree Residency,,,,,27.70999002695443,85.31604391353744,,"Thimi, Bhaktapur",Generated,No,Boys,14500,Double,Yes,Yes,Yes,No,Yes,Yes,Yes,No,Yes,No,3.6,31,"Comfortable student hostel with WiFi, food and study environment."
243,Valley Residency,,,,,27.6668051036463,85.33063386078557,,"Thimi, Bhaktapur",Generated,No,Boys,10500,Double,Yes,Yes,Yes,No,Yes,Yes,Yes,Yes,Yes,Yes,4.9,36,"Comfortable student hostel with WiFi, food and study environment."
244,Green Boys Hostel,,,,,27.715882039648015,85.34205044294424,,"Kalanki, Kathmandu",Generated,No,Mixed,14000,Single,Yes,Yes,Yes,No,Yes,Yes,Yes,No,Yes,No,4.7,8,"Comfortable student hostel with WiFi, food and study environment."
245,Royal Residency,,,,,27.691619183136115,85.34581691893165,,"Thimi, Bhaktapur",Generated,No,Mixed,15500,Double,Yes,Yes,Yes,Yes,No,Yes,Yes,No,Yes,No,4.9,14,"Comfortable student hostel with WiFi, food and study environment."
246,Shree Student Home,,,,,27.670068699488823,85.333723897968,,"Satdobato, Lalitpur",Generated,No,Mixed,9000,Single,Yes,Yes,Yes,No,Yes,Yes,Yes,Yes,Yes,No,5.0,22,"Comfortable student hostel with WiFi, food and study environment."
247,Golden Hostel,,,,,27.695121850773962,85.33262004051642,,"Gwarko, Lalitpur",Generated,No,Girls,13000,Shared,Yes,Yes,Yes,Yes,Yes,Yes,Yes,Yes,Yes,Yes,4.8,10,"Comfortable student hostel with WiFi, food and study environment."
248,Himalayan Student Home,,,,,27.711266921639787,85.31170884990507,,"Pulchowk, Lalitpur",Generated,No,Mixed,10000,Double,Yes,Yes,Yes,No,Yes,Yes,Yes,Yes,Yes,No,3.7,7,"Comfortable student hostel with WiFi, food and study environment."
249,Golden Student Home,,,,,27.684136338648834,85.34644457163448,,"Pulchowk, Lalitpur",Generated,No,Mixed,16500,Shared,Yes,Yes,Yes,Yes,No,Yes,Yes,No,Yes,No,4.8,19,"Comfortable student hostel with WiFi, food and study environment."
250,Golden Student Home,,,,,27.67966295119624,85.34320538533508,,"Satdobato, Lalitpur",Generated,No,Boys,15000,Shared,Yes,Yes,Yes,No,Yes,Yes,Yes,Yes,Yes,No,3.9,38,"Comfortable student hostel with WiFi, food and study environment."
251,Shree Residence,,,,,27.680883159663807,85.34461869949826,,"Thimi, Bhaktapur",Generated,No,Girls,9000,Double,Yes,Yes,Yes,No,Yes,Yes,Yes,No,Yes,Yes,4.6,31,"Comfortable student hostel with WiFi, food and study environment."
252,Valley Girls Hostel,,,,,27.681204354867475,85.34318575259995,,"Gwarko, Lalitpur",Generated,No,Girls,8000,Single,Yes,Yes,Yes,No,No,Yes,Yes,No,Yes,No,4.7,28,"Comfortable student hostel with WiFi, food and study environment."
253,Royal Girls Hostel,,,,,27.68515415276099,85.3453427391972,,"Boudha, Kathmandu",Generated,No,Mixed,11000,Double,Yes,Yes,Yes,Yes,Yes,Yes,Yes,No,Yes,Yes,4.6,34,"Comfortable student hostel with WiFi, food and study environment."
254,Shree Student Home,,,,,27.684141918635152,85.33959672892195,,"Gwarko, Lalitpur",Generated,No,Mixed,13500,Double,Yes,Yes,Yes,No,No,Yes,Yes,No,Yes,No,4.5,10,"Comfortable student hostel with WiFi, food and study environment."
255,Royal Student Home,,,,,27.6923873363574,85.33995729387374,,"Pulchowk, Lalitpur",Generated,No,Boys,12000,Single,Yes,Yes,Yes,Yes,No,Yes,Yes,Yes,Yes,Yes,4.2,11,"Comfortable student hostel with WiFi, food and study environment."
256,Everest Student Hostel,,,,,27.686573751578305,85.34466741584899,,"Boudha, Kathmandu",Generated,No,Mixed,15000,Single,Yes,Yes,Yes,Yes,Yes,Yes,Yes,Yes,Yes,Yes,4.4,37,"Comfortable student hostel with WiFi, food and study environment."
257,Golden Student Home,,,,,27.675761350778497,85.30619011291674,,"Kalanki, Kathmandu",Generated,No,Boys,11000,Double,Yes,Yes,Yes,No,No,Yes,Yes,Yes,Yes,Yes,3.9,13,"Comfortable student hostel with WiFi, food and study environment."
258,Golden Student Hostel,,,,,27.683607383661997,85.34818291386956,,"Koteshwor, Kathmandu",Generated,No,Mixed,7000,Single,Yes,Yes,Yes,No,Yes,Yes,Yes,No,Yes,No,4.1,30,"Comfortable student hostel with WiFi, food and study environment."
259,Himalayan Residence,,,,,27.693797072988083,85.34025423932043,,"Imadol, Lalitpur",Generated,No,Boys,11500,Shared,Yes,Yes,Yes,No,No,Yes,Yes,No,Yes,Yes,4.2,9,"Comfortable student hostel with WiFi, food and study environment."
260,Shree Boys Hostel,,,,,27.669862135654647,85.4186193689217,,"Thimi, Bhaktapur",Generated,No,Mixed,11500,Single,Yes,Yes,Yes,Yes,Yes,Yes,Yes,Yes,Yes,No,4.5,8,"Comfortable student hostel with WiFi, food and study environment."
261,Buddha Student Hostel,,,,,27.67015538204646,85.41818085014198,,"Boudha, Kathmandu",Generated,No,Mixed,16000,Shared,Yes,Yes,Yes,Yes,No,Yes,Yes,Yes,Yes,Yes,4.8,32,"Comfortable student hostel with WiFi, food and study environment."
262,Green Residence,,,,,27.704726527543425,85.33122440116149,,"Boudha, Kathmandu",Generated,No,Mixed,16000,Shared,Yes,Yes,Yes,No,Yes,Yes,Yes,Yes,Yes,No,3.6,13,"Comfortable student hostel with WiFi, food and study environment."
263,Golden Residence,,,,,27.68348098739134,85.3438760561256,,"Chabahil, Kathmandu",Generated,No,Girls,17500,Shared,Yes,Yes,Yes,No,Yes,Yes,Yes,Yes,Yes,No,4.3,20,"Comfortable student hostel with WiFi, food and study environment."
264,Buddha Boys Hostel,,,,,27.704069732412933,85.32588022176863,,"Pulchowk, Lalitpur",Generated,No,Boys,14500,Single,Yes,Yes,Yes,No,Yes,Yes,Yes,Yes,Yes,No,3.9,23,"Comfortable student hostel with WiFi, food and study environment."
265,Shree Boys Hostel,,,,,27.694516051551364,85.34332814541253,,"Gwarko, Lalitpur",Generated,No,Boys,9000,Single,Yes,Yes,Yes,Yes,Yes,Yes,Yes,Yes,Yes,Yes,4.9,21,"Comfortable student hostel with WiFi, food and study environment."
266,Peace Student Hostel,,,,,27.73159348978767,85.33705153341546,,"Pulchowk, Lalitpur",Generated,No,Girls,14000,Double,Yes,Yes,Yes,Yes,No,Yes,Yes,No,Yes,Yes,4.1,25,"Comfortable student hostel with WiFi, food and study environment."
267,Lotus Student Hostel,,,,,27.683247552548107,85.33490869883252,,"Baneshwor, Kathmandu",Generated,No,Girls,15500,Single,Yes,Yes,Yes,No,Yes,Yes,Yes,No,Yes,Yes,4.9,30,"Comfortable student hostel with WiFi, food and study environment."
268,Himalayan Boys Hostel,,,,,27.681684499249197,85.34078427656678,,"Imadol, Lalitpur",Generated,No,Girls,14500,Single,Yes,Yes,Yes,No,Yes,Yes,Yes,Yes,Yes,No,4.0,25,"Comfortable student hostel with WiFi, food and study environment."
269,Royal Residence,,,,,27.683583344562017,85.33403579693642,,"Imadol, Lalitpur",Generated,No,Girls,12500,Shared,Yes,Yes,Yes,Yes,Yes,Yes,Yes,Yes,Yes,No,3.5,25,"Comfortable student hostel with WiFi, food and study environment."
270,Om Hostel,,,,,27.675727996175315,85.41782554040826,,"Kalanki, Kathmandu",Generated,No,Girls,12000,Single,Yes,Yes,Yes,No,Yes,Yes,Yes,No,Yes,No,4.7,33,"Comfortable student hostel with WiFi, food and study environment."
271,Peace Residence,,,,,27.70450991893023,85.33275966662974,,"Imadol, Lalitpur",Generated,No,Girls,15500,Single,Yes,Yes,Yes,No,No,Yes,Yes,Yes,Yes,No,4.6,22,"Comfortable student hostel with WiFi, food and study environment."
272,Valley Student Hostel,,,,,27.68299838227044,85.33770743624302,,"Boudha, Kathmandu",Generated,No,Boys,15500,Shared,Yes,Yes,Yes,Yes,Yes,Yes,Yes,No,Yes,Yes,4.6,19,"Comfortable student hostel with WiFi, food and study environment."
273,Golden Residency,,,,,27.682235400915076,85.32402030577305,,"Gwarko, Lalitpur",Generated,No,Mixed,13000,Single,Yes,Yes,Yes,Yes,No,Yes,Yes,Yes,Yes,Yes,4.2,9,"Comfortable student hostel with WiFi, food and study environment."
274,Buddha Student Hostel,,,,,27.684524569297682,85.34946982551051,,"Kalanki, Kathmandu",Generated,No,Mixed,14000,Shared,Yes,Yes,Yes,No,Yes,Yes,Yes,No,Yes,Yes,4.5,17,"Comfortable student hostel with WiFi, food and study environment."
275,Valley Student Home,,,,,27.711495465807623,85.31195608102536,,"Thimi, Bhaktapur",Generated,No,Boys,12000,Single,Yes,Yes,Yes,No,No,Yes,Yes,Yes,Yes,Yes,4.0,13,"Comfortable student hostel with WiFi, food and study environment."
276,Buddha Student Hostel,,,,,27.718786098592037,85.30670759794893,,"Thimi, Bhaktapur",Generated,No,Girls,10000,Single,Yes,Yes,Yes,Yes,No,Yes,Yes,No,Yes,No,3.6,11,"Comfortable student hostel with WiFi, food and study environment."
277,Green Residency,,,,,27.707060715456752,85.32336504113685,,"Imadol, Lalitpur",Generated,No,Girls,10500,Double,Yes,Yes,Yes,Yes,No,Yes,Yes,No,Yes,No,4.3,14,"Comfortable student hostel with WiFi, food and study environment."
278,Peace Residence,,,,,27.71662713929422,85.31566369714062,,"Dhapakhel, Lalitpur",Generated,No,Girls,16000,Single,Yes,Yes,Yes,Yes,No,Yes,Yes,Yes,Yes,No,3.8,11,"Comfortable student hostel with WiFi, food and study environment."
279,Green Student Hostel,,,,,27.7137381331482,85.30590637619169,,"Gwarko, Lalitpur",Generated,No,Boys,13000,Shared,Yes,Yes,Yes,Yes,Yes,Yes,Yes,No,Yes,Yes,4.1,15,"Comfortable student hostel with WiFi, food and study environment."
280,Everest Student Hostel,,,,,27.692672382198445,85.34589546862098,,"Baneshwor, Kathmandu",Generated,No,Boys,10500,Single,Yes,Yes,Yes,Yes,No,Yes,Yes,No,Yes,Yes,3.8,33,"Comfortable student hostel with WiFi, food and study environment."
281,Buddha Student Home,,,,,27.688071942626344,85.33292317976755,,"Dhapakhel, Lalitpur",Generated,No,Mixed,13500,Double,Yes,Yes,Yes,No,No,Yes,Yes,Yes,Yes,Yes,3.9,34,"Comfortable student hostel with WiFi, food and study environment."
282,Peace Residence,,,,,27.70427192808887,85.32476573593374,,"Jawalakhel, Lalitpur",Generated,No,Boys,7500,Single,Yes,Yes,Yes,Yes,No,Yes,Yes,No,Yes,No,4.7,25,"Comfortable student hostel with WiFi, food and study environment."
283,Om Hostel,,,,,27.67329747077024,85.31862613897641,,"Koteshwor, Kathmandu",Generated,No,Girls,12000,Single,Yes,Yes,Yes,Yes,Yes,Yes,Yes,No,Yes,Yes,4.0,31,"Comfortable student hostel with WiFi, food and study environment."
284,Peace Girls Hostel,,,,,27.705994594998632,85.322908113702,,"Gwarko, Lalitpur",Generated,No,Girls,14500,Shared,Yes,Yes,Yes,No,Yes,Yes,Yes,Yes,Yes,No,4.4,12,"Comfortable student hostel with WiFi, food and study environment."
285,Himalayan Girls Hostel,,,,,27.695026817766067,85.3427333588202,,"Satdobato, Lalitpur",Generated,No,Mixed,13000,Double,Yes,Yes,Yes,Yes,Yes,Yes,Yes,Yes,Yes,No,4.3,39,"Comfortable student hostel with WiFi, food and study environment."
286,Peace Residence,,,,,27.682398938134067,85.33590750703716,,"Gwarko, Lalitpur",Generated,No,Mixed,13000,Single,Yes,Yes,Yes,No,No,Yes,Yes,Yes,Yes,Yes,4.2,27,"Comfortable student hostel with WiFi, food and study environment."
287,Valley Residence,,,,,27.695395811854585,85.33501680886641,,"Thimi, Bhaktapur",Generated,No,Girls,17500,Single,Yes,Yes,Yes,Yes,No,Yes,Yes,Yes,Yes,No,4.0,18,"Comfortable student hostel with WiFi, food and study environment."
288,Himalayan Girls Hostel,,,,,27.713134780981242,85.30992938536275,,"Gwarko, Lalitpur",Generated,No,Girls,17000,Shared,Yes,Yes,Yes,Yes,No,Yes,Yes,No,Yes,No,4.5,33,"Comfortable student hostel with WiFi, food and study environment."
289,Buddha Hostel,,,,,27.699987108600663,85.33682343496336,,"Imadol, Lalitpur",Generated,No,Girls,9000,Single,Yes,Yes,Yes,Yes,No,Yes,Yes,No,Yes,No,3.6,24,"Comfortable student hostel with WiFi, food and study environment."
290,Om Student Hostel,,,,,27.716038095052472,85.34398252374153,,"Imadol, Lalitpur",Generated,No,Boys,14500,Single,Yes,Yes,Yes,Yes,Yes,Yes,Yes,Yes,Yes,Yes,3.6,34,"Comfortable student hostel with WiFi, food and study environment."
291,Peace Girls Hostel,,,,,27.686282681216053,85.34793989492496,,"Chabahil, Kathmandu",Generated,No,Girls,7500,Single,Yes,Yes,Yes,No,No,Yes,Yes,Yes,Yes,Yes,4.7,21,"Comfortable student hostel with WiFi, food and study environment."
292,Valley Residency,,,,,27.68116459508654,85.34626333839368,,"Jawalakhel, Lalitpur",Generated,No,Boys,9000,Double,Yes,Yes,Yes,Yes,Yes,Yes,Yes,Yes,Yes,Yes,4.2,12,"Comfortable student hostel with WiFi, food and study environment."
293,Buddha Student Hostel,,,,,27.697442024075563,85.32779865159223,,"Boudha, Kathmandu",Generated,No,Mixed,15000,Single,Yes,Yes,Yes,No,No,Yes,Yes,No,Yes,No,3.7,10,"Comfortable student hostel with WiFi, food and study environment."
294,Everest Boys Hostel,,,,,27.68174642681692,85.34447635721652,,"Jawalakhel, Lalitpur",Generated,No,Boys,16000,Shared,Yes,Yes,Yes,No,No,Yes,Yes,Yes,Yes,Yes,4.8,15,"Comfortable student hostel with WiFi, food and study environment."
295,Peace Residency,,,,,27.698319985916505,85.3419119704317,,"Pulchowk, Lalitpur",Generated,No,Mixed,12000,Double,Yes,Yes,Yes,Yes,No,Yes,Yes,No,Yes,Yes,4.2,24,"Comfortable student hostel with WiFi, food and study environment."
296,Everest Girls Hostel,,,,,27.68394839466935,85.32318281210088,,"Baneshwor, Kathmandu",Generated,No,Boys,8500,Single,Yes,Yes,Yes,No,No,Yes,Yes,No,Yes,No,3.5,7,"Comfortable student hostel with WiFi, food and study environment."
297,Shree Residence,,,,,27.67278202420149,85.31544831249869,,"Baneshwor, Kathmandu",Generated,No,Mixed,14000,Single,Yes,Yes,Yes,No,Yes,Yes,Yes,Yes,Yes,No,4.9,18,"Comfortable student hostel with WiFi, food and study environment."
298,Buddha Residence,,,,,27.71670337244314,85.3082848696259,,"Thimi, Bhaktapur",Generated,No,Boys,8500,Double,Yes,Yes,Yes,No,No,Yes,Yes,Yes,Yes,No,3.8,25,"Comfortable student hostel with WiFi, food and study environment."
299,Royal Residency,,,,,27.69884014232528,85.33108870451471,,"Gwarko, Lalitpur",Generated,No,Mixed,15000,Single,Yes,Yes,Yes,Yes,Yes,Yes,Yes,No,Yes,No,4.5,14,"Comfortable student hostel with WiFi, food and study environment."
300,Green Boys Hostel,,,,,27.690584481802645,85.33081599182003,,"Satdobato, Lalitpur",Generated,No,Mixed,14000,Single,Yes,Yes,Yes,Yes,No,Yes,Yes,No,Yes,Yes,3.7,10,"Comfortable student hostel with WiFi, food and study environment."
